epoch,loss
1,2380.0754899471735
2,2352.7459374798545
3,2341.2305970730126
4,2333.5404847669392
5,2327.686666580787
6,2323.2444327749963
7,2319.512852777046
8,2316.586587739239
9,2313.7943414331303
10,2311.7462448290066
